<?xml version="1.0" encoding="UTF-8"?>
<!DOCTYPE why3session PUBLIC "-//Why3//proof session v5//EN"
"https://www.why3.org/why3session.dtd">
<why3session shape_version="6">
<prover id="0" name="Z3" version="4.15.2" timelimit="1" steplimit="0" memlimit="1000"/>
<file format="whyml" proved="true">
<path name=".."/><path name="lab6_solutions.mlw"/>
<theory name="MaxArray" proved="true">
 <goal name="max_array&#39;vc" expl="VC for max_array" proved="true">
 <proof prover="0"><result status="valid" time="0.004957" steps="13142"/></proof>
 </goal>
 <goal name="max_array_rev&#39;vc" expl="VC for max_array_rev" proved="true">
 <proof prover="0"><result status="valid" time="0.003982" steps="13425"/></proof>
 </goal>
</theory>
<theory name="Search" proved="true">
 <goal name="seach&#39;vc" expl="VC for seach" proved="true">
 <proof prover="0"><result status="valid" time="0.002077" steps="8784"/></proof>
 </goal>
</theory>
<theory name="Find" proved="true">
 <goal name="fill_k&#39;vc" expl="VC for fill_k" proved="true">
 <transf name="split_vc" proved="true" >
  <goal name="fill_k&#39;vc.0" expl="loop invariant init" proved="true">
  <proof prover="0"><result status="valid" time="0.003168" steps="604"/></proof>
  </goal>
  <goal name="fill_k&#39;vc.1" expl="index in array bounds" proved="true">
  <proof prover="0"><result status="valid" time="0.004740" steps="7320"/></proof>
  </goal>
  <goal name="fill_k&#39;vc.2" expl="postcondition" proved="true">
  <proof prover="0"><result status="valid" time="0.004943" steps="7183"/></proof>
  </goal>
  <goal name="fill_k&#39;vc.3" expl="loop invariant preservation" proved="true">
  <proof prover="0"><result status="valid" time="0.005096" steps="8005"/></proof>
  </goal>
  <goal name="fill_k&#39;vc.4" expl="postcondition" proved="true">
  <proof prover="0"><result status="valid" time="0.001033" steps="667"/></proof>
  </goal>
  <goal name="fill_k&#39;vc.5" expl="VC for fill_k" proved="true">
  <proof prover="0"><result status="valid" time="0.004958" steps="622"/></proof>
  </goal>
 </transf>
 </goal>
</theory>
<theory name="SubString" proved="true">
 <goal name="is_sub_string&#39;vc" expl="VC for is_sub_string" proved="true">
 <proof prover="0"><result status="valid" time="0.006133" steps="24855"/></proof>
 </goal>
</theory>
<theory name="Resize" proved="true">
 <goal name="resize&#39;vc" expl="VC for resize" proved="true">
 <proof prover="0"><result status="valid" time="0.004966" steps="12738"/></proof>
 </goal>
</theory>
<theory name="Reverse" proved="true">
 <goal name="reverse&#39;vc" expl="VC for reverse" proved="true">
 <proof prover="0"><result status="valid" time="0.004123" steps="13849"/></proof>
 </goal>
</theory>
<theory name="SumMatrix" proved="true">
 <goal name="sum_matrix&#39;vc" expl="VC for sum_matrix" proved="true">
 <proof prover="0"><result status="valid" time="0.005829" steps="32620"/></proof>
 </goal>
</theory>
</file>
</why3session>
