<?xml version="1.0" encoding="UTF-8"?>
<!DOCTYPE why3session PUBLIC "-//Why3//proof session v5//EN"
"https://www.why3.org/why3session.dtd">
<why3session shape_version="6">
<prover id="0" name="Alt-Ergo" version="2.6.2" timelimit="5" steplimit="0" memlimit="1000"/>
<prover id="1" name="Z3" version="4.15.2" timelimit="1" steplimit="0" memlimit="1000"/>
<file format="whyml" proved="true">
<path name=".."/><path name="matrix.mlw"/>
<theory name="SumMatrix" proved="true">
 <goal name="sum_matrix&#39;vc" expl="VC for sum_matrix" proved="true">
 <proof prover="1"><result status="valid" time="0.009172" steps="35194"/></proof>
 </goal>
 <goal name="sum_assoc&#39;vc" expl="VC for sum_assoc" proved="true">
 <proof prover="1"><result status="valid" time="0.004325" steps="17689"/></proof>
 </goal>
 <goal name="scalar_mul&#39;vc" expl="VC for scalar_mul" proved="true">
 <proof prover="1"><result status="valid" time="0.007984" steps="36088"/></proof>
 </goal>
 <goal name="vector_mul&#39;vc" expl="VC for vector_mul" proved="true">
 <proof prover="0" timelimit="1" obsolete="true"><undone/></proof>
 <proof prover="1" obsolete="true"><result status="timeout" time="1.000000" steps="33024280"/></proof>
 <transf name="split_vc" proved="true" >
  <goal name="vector_mul&#39;vc.0" expl="precondition" proved="true">
  <proof prover="0"><result status="valid" time="0.015161" steps="5"/></proof>
  <proof prover="1"><result status="valid" time="0.005362" steps="14018"/></proof>
  </goal>
  <goal name="vector_mul&#39;vc.1" expl="loop invariant init" proved="true">
  <proof prover="0"><result status="valid" time="0.011067" steps="10"/></proof>
  <proof prover="1"><result status="valid" time="0.002052" steps="1730"/></proof>
  </goal>
  <goal name="vector_mul&#39;vc.2" expl="loop invariant init" proved="true">
  <proof prover="0"><result status="valid" time="0.014169" steps="24"/></proof>
  <proof prover="1"><result status="valid" time="0.005733" steps="19461"/></proof>
  </goal>
  <goal name="vector_mul&#39;vc.3" expl="loop invariant init" proved="true">
  <proof prover="0"><result status="valid" time="0.009022" steps="37"/></proof>
  <proof prover="1"><result status="valid" time="0.005300" steps="21654"/></proof>
  </goal>
  <goal name="vector_mul&#39;vc.4" expl="loop invariant init" proved="true">
  <proof prover="1"><result status="valid" time="0.008144" steps="32801"/></proof>
  </goal>
  <goal name="vector_mul&#39;vc.5" expl="loop invariant init" proved="true">
  <proof prover="0"><result status="valid" time="0.013376" steps="42"/></proof>
  <proof prover="1"><result status="valid" time="0.003663" steps="23270"/></proof>
  </goal>
  <goal name="vector_mul&#39;vc.6" expl="index in array bounds" proved="true">
  <proof prover="0"><result status="valid" time="0.012783" steps="28"/></proof>
  <proof prover="1"><result status="valid" time="0.004984" steps="23079"/></proof>
  </goal>
  <goal name="vector_mul&#39;vc.7" expl="index in matrix bounds" proved="true">
  <proof prover="0"><result status="valid" time="0.012152" steps="46"/></proof>
  <proof prover="1"><result status="valid" time="0.007972" steps="25822"/></proof>
  </goal>
  <goal name="vector_mul&#39;vc.8" expl="index in matrix bounds" proved="true">
  <proof prover="0"><result status="valid" time="0.013734" steps="46"/></proof>
  <proof prover="1"><result status="valid" time="0.003798" steps="25849"/></proof>
  </goal>
  <goal name="vector_mul&#39;vc.9" expl="index in matrix bounds" proved="true">
  <proof prover="0"><result status="valid" time="0.013557" steps="46"/></proof>
  <proof prover="1"><result status="valid" time="0.005213" steps="25849"/></proof>
  </goal>
  <goal name="vector_mul&#39;vc.10" expl="loop invariant preservation" proved="true">
  <transf name="assert" proved="true" arg1="(get r i 0 = get r1 i 0 + get m i j * v[j])">
   <goal name="vector_mul&#39;vc.10.0" expl="asserted formula" proved="true">
   <proof prover="0" timelimit="1"><result status="valid" time="0.012968" steps="632"/></proof>
   </goal>
   <goal name="vector_mul&#39;vc.10.1" expl="loop invariant preservation" proved="true">
   <proof prover="1"><result status="valid" time="0.015913" steps="118345"/></proof>
   </goal>
  </transf>
  </goal>
  <goal name="vector_mul&#39;vc.11" expl="loop invariant preservation" proved="true">
  <proof prover="1"><result status="valid" time="0.008322" steps="38027"/></proof>
  </goal>
  <goal name="vector_mul&#39;vc.12" expl="loop invariant preservation" proved="true">
  <proof prover="1"><result status="valid" time="0.005198" steps="28942"/></proof>
  </goal>
  <goal name="vector_mul&#39;vc.13" expl="assertion" proved="true">
  <proof prover="1"><result status="valid" time="0.011348" steps="54208"/></proof>
  </goal>
  <goal name="vector_mul&#39;vc.14" expl="loop invariant preservation" proved="true">
  <proof prover="1"><result status="valid" time="0.040168" steps="196008"/></proof>
  </goal>
  <goal name="vector_mul&#39;vc.15" expl="loop invariant preservation" proved="true">
  <proof prover="0" obsolete="true"><result status="valid" time="0.014886" steps="52"/></proof>
  <proof prover="1"><result status="valid" time="0.007552" steps="26830"/></proof>
  </goal>
  <goal name="vector_mul&#39;vc.16" expl="out of loop bounds" proved="true">
  <proof prover="0" obsolete="true"><result status="valid" time="0.009997" steps="22"/></proof>
  <proof prover="1"><result status="valid" time="0.007475" steps="23799"/></proof>
  </goal>
  <goal name="vector_mul&#39;vc.17" expl="postcondition" proved="true">
  <proof prover="0"><result status="valid" time="0.011480" steps="14"/></proof>
  <proof prover="1"><result status="valid" time="0.003865" steps="2802"/></proof>
  </goal>
  <goal name="vector_mul&#39;vc.18" expl="postcondition" proved="true">
  <proof prover="0"><result status="valid" time="0.010804" steps="14"/></proof>
  <proof prover="1"><result status="valid" time="0.003005" steps="8723"/></proof>
  </goal>
  <goal name="vector_mul&#39;vc.19" expl="postcondition" proved="true">
  <proof prover="0"><result status="valid" time="3.087039" steps="323063"/></proof>
  <proof prover="1"><result status="valid" time="0.008305" steps="29878"/></proof>
  </goal>
  <goal name="vector_mul&#39;vc.20" expl="out of loop bounds" proved="true">
  <proof prover="0"><result status="valid" time="0.007063" steps="12"/></proof>
  <proof prover="1"><result status="valid" time="0.005046" steps="19497"/></proof>
  </goal>
 </transf>
 </goal>
</theory>
</file>
</why3session>
