<?xml version="1.0" encoding="UTF-8"?>
<!DOCTYPE why3session PUBLIC "-//Why3//proof session v5//EN"
"https://www.why3.org/why3session.dtd">
<why3session shape_version="6">
<prover id="0" name="Alt-Ergo" version="2.6.2" timelimit="1" steplimit="0" memlimit="1000"/>
<prover id="1" name="Z3" version="4.15.2" timelimit="1" steplimit="0" memlimit="1000"/>
<file format="whyml" proved="true">
<path name=".."/><path name="lab8_solutions.mlw"/>
<theory name="EphemeralQueue" proved="true">
 <goal name="t&#39;vc" expl="VC for t" proved="true">
 <proof prover="1"><result status="valid" time="0.008061" steps="51388"/></proof>
 </goal>
 <goal name="create&#39;vc" expl="VC for create" proved="true">
 <proof prover="1"><result status="valid" time="0.019988" steps="121903"/></proof>
 </goal>
 <goal name="is_empty&#39;vc" expl="VC for is_empty" proved="true">
 <proof prover="1"><result status="valid" time="0.019578" steps="90298"/></proof>
 </goal>
 <goal name="push&#39;vc" expl="VC for push" proved="true">
 <proof prover="0"><result status="valid" time="0.084200" steps="1680"/></proof>
 </goal>
 <goal name="rev_of_list_commut&#39;vc" expl="VC for rev_of_list_commut" proved="true">
 <proof prover="0"><result status="valid" time="0.073403" steps="1701"/></proof>
 </goal>
 <goal name="pop&#39;vc" expl="VC for pop" proved="true">
 <proof prover="0"><result status="valid" time="0.197655" steps="4085"/></proof>
 </goal>
 <goal name="transfer&#39;vc" expl="VC for transfer" proved="true">
 <proof prover="0"><result status="valid" time="0.267142" steps="3912"/></proof>
 </goal>
</theory>
</file>
</why3session>
