<?xml version="1.0" encoding="UTF-8"?>
<!DOCTYPE why3session PUBLIC "-//Why3//proof session v5//EN"
"https://www.why3.org/why3session.dtd">
<why3session shape_version="6">
<prover id="0" name="Alt-Ergo" version="2.6.2" timelimit="1" steplimit="0" memlimit="1000"/>
<prover id="1" name="Z3" version="4.15.2" timelimit="1" steplimit="0" memlimit="1000"/>
<file format="whyml" proved="true">
<path name=".."/><path name="bst_solution.mlw"/>
<theory name="BST&#39;impl" proved="true">
 <goal name="occ_nonneg&#39;vc" expl="VC for occ_nonneg" proved="true">
 <proof prover="1"><result status="valid" time="0.009322" steps="26095"/></proof>
 </goal>
 <goal name="t&#39;vc" expl="VC for t" proved="true">
 <proof prover="0"><result status="valid" time="0.013354" steps="34"/></proof>
 </goal>
 <goal name="create&#39;vc" expl="VC for create" proved="true">
 <proof prover="0"><result status="valid" time="0.016210" steps="55"/></proof>
 </goal>
 <goal name="insert_aux&#39;vc" expl="VC for insert_aux" proved="true">
 <transf name="split_vc" proved="true" >
  <goal name="insert_aux&#39;vc.0" expl="variant decrease" proved="true">
  <proof prover="1"><result status="valid" time="0.003898" steps="8321"/></proof>
  </goal>
  <goal name="insert_aux&#39;vc.1" expl="precondition" proved="true">
  <proof prover="1"><result status="valid" time="0.006184" steps="36219"/></proof>
  </goal>
  <goal name="insert_aux&#39;vc.2" expl="variant decrease" proved="true">
  <proof prover="1"><result status="valid" time="0.002978" steps="8315"/></proof>
  </goal>
  <goal name="insert_aux&#39;vc.3" expl="precondition" proved="true">
  <proof prover="1"><result status="valid" time="0.005946" steps="36173"/></proof>
  </goal>
  <goal name="insert_aux&#39;vc.4" expl="postcondition" proved="true">
  <proof prover="0"><result status="valid" time="0.047283" steps="907"/></proof>
  </goal>
  <goal name="insert_aux&#39;vc.5" expl="postcondition" proved="true">
  <proof prover="1"><result status="valid" time="0.010761" steps="49164"/></proof>
  </goal>
  <goal name="insert_aux&#39;vc.6" expl="postcondition" proved="true">
  <proof prover="1"><result status="valid" time="0.012799" steps="46177"/></proof>
  </goal>
 </transf>
 </goal>
 <goal name="insert&#39;vc" expl="VC for insert" proved="true">
 <transf name="split_vc" proved="true" >
  <goal name="insert&#39;vc.0" expl="precondition" proved="true">
  <proof prover="1"><result status="valid" time="0.006681" steps="34619"/></proof>
  </goal>
  <goal name="insert&#39;vc.1" expl="type invariant" proved="true">
  <proof prover="1"><result status="valid" time="0.007275" steps="2830"/></proof>
  </goal>
  <goal name="insert&#39;vc.2" expl="type invariant" proved="true">
  <proof prover="1"><result status="valid" time="0.017387" steps="100753"/></proof>
  </goal>
  <goal name="insert&#39;vc.3" expl="postcondition" proved="true">
  <proof prover="1"><result status="valid" time="0.008395" steps="39416"/></proof>
  </goal>
 </transf>
 </goal>
 <goal name="is_empty&#39;vc" expl="VC for is_empty" proved="true">
 <transf name="split_vc" proved="true" >
  <goal name="is_empty&#39;vc.0" expl="postcondition" proved="true">
  <proof prover="0"><result status="valid" time="0.027373" steps="45"/></proof>
  </goal>
  <goal name="is_empty&#39;vc.1" expl="postcondition" proved="true">
  <transf name="split_vc" proved="true" >
   <goal name="is_empty&#39;vc.1.0" expl="postcondition" proved="true">
   <proof prover="1"><result status="valid" time="0.004492" steps="2924"/></proof>
   </goal>
   <goal name="is_empty&#39;vc.1.1" expl="postcondition" proved="true">
   <proof prover="0"><result status="valid" time="0.027832" steps="343"/></proof>
   </goal>
  </transf>
  </goal>
 </transf>
 </goal>
 <goal name="remove_min_aux&#39;vc" expl="VC for remove_min_aux" proved="true">
 <transf name="split_vc" proved="true" >
  <goal name="remove_min_aux&#39;vc.0" expl="unreachable point" proved="true">
  <proof prover="1"><result status="valid" time="0.005526" steps="2791"/></proof>
  </goal>
  <goal name="remove_min_aux&#39;vc.1" expl="variant decrease" proved="true">
  <proof prover="1"><result status="valid" time="0.004102" steps="8358"/></proof>
  </goal>
  <goal name="remove_min_aux&#39;vc.2" expl="precondition" proved="true">
  <proof prover="1"><result status="valid" time="0.001830" steps="2809"/></proof>
  </goal>
  <goal name="remove_min_aux&#39;vc.3" expl="precondition" proved="true">
  <proof prover="1"><result status="valid" time="0.006241" steps="36258"/></proof>
  </goal>
  <goal name="remove_min_aux&#39;vc.4" expl="postcondition" proved="true">
  <proof prover="1"><result status="valid" time="0.010380" steps="39050"/></proof>
  </goal>
  <goal name="remove_min_aux&#39;vc.5" expl="postcondition" proved="true">
  <transf name="split_vc" proved="true" >
   <goal name="remove_min_aux&#39;vc.5.0" expl="postcondition" proved="true">
   <proof prover="0"><result status="valid" time="0.023317" steps="340"/></proof>
   </goal>
   <goal name="remove_min_aux&#39;vc.5.1" expl="postcondition" proved="true">
   <proof prover="0"><result status="valid" time="0.132567" steps="2370"/></proof>
   </goal>
  </transf>
  </goal>
  <goal name="remove_min_aux&#39;vc.6" expl="postcondition" proved="true">
  <proof prover="1"><result status="valid" time="0.006112" steps="35224"/></proof>
  </goal>
  <goal name="remove_min_aux&#39;vc.7" expl="postcondition" proved="true">
  <proof prover="1"><result status="valid" time="0.009020" steps="48622"/></proof>
  </goal>
 </transf>
 </goal>
 <goal name="remove_min&#39;vc" expl="VC for remove_min" proved="true">
 <transf name="split_vc" proved="true" >
  <goal name="remove_min&#39;vc.0" expl="precondition" proved="true">
  <proof prover="1"><result status="valid" time="0.007503" steps="35204"/></proof>
  </goal>
  <goal name="remove_min&#39;vc.1" expl="precondition" proved="true">
  <proof prover="1"><result status="valid" time="0.006027" steps="34102"/></proof>
  </goal>
  <goal name="remove_min&#39;vc.2" expl="type invariant" proved="true">
  <proof prover="1"><result status="valid" time="0.001514" steps="3005"/></proof>
  </goal>
  <goal name="remove_min&#39;vc.3" expl="type invariant" proved="true">
  <proof prover="0"><result status="valid" time="0.025627" steps="444"/></proof>
  </goal>
  <goal name="remove_min&#39;vc.4" expl="postcondition" proved="true">
  <proof prover="1"><result status="valid" time="0.007044" steps="39789"/></proof>
  </goal>
  <goal name="remove_min&#39;vc.5" expl="postcondition" proved="true">
  <proof prover="1"><result status="valid" time="0.009972" steps="42598"/></proof>
  </goal>
 </transf>
 </goal>
 <goal name="Set&#39;impl_of.create&#39;refn&#39;vc" expl="VC for create&#39;refn" proved="true">
 <proof prover="1"><result status="valid" time="0.001002" steps="2862"/></proof>
 </goal>
 <goal name="Set&#39;impl_of.insert&#39;refn&#39;vc" expl="VC for insert&#39;refn" proved="true">
 <proof prover="1"><result status="valid" time="0.001961" steps="2653"/></proof>
 </goal>
 <goal name="Set&#39;impl_of.is_empty&#39;refn&#39;vc" expl="VC for is_empty&#39;refn" proved="true">
 <proof prover="1"><result status="valid" time="0.003683" steps="35389"/></proof>
 </goal>
 <goal name="Set&#39;impl_of.remove_min&#39;refn&#39;vc" expl="VC for remove_min&#39;refn" proved="true">
 <proof prover="1"><result status="valid" time="0.002604" steps="2925"/></proof>
 </goal>
</theory>
</file>
</why3session>
