<?xml version="1.0" encoding="UTF-8"?>
<!DOCTYPE why3session PUBLIC "-//Why3//proof session v5//EN"
"https://www.why3.org/why3session.dtd">
<why3session shape_version="6">
<prover id="0" name="Alt-Ergo" version="2.6.2" timelimit="1" steplimit="0" memlimit="1000"/>
<prover id="1" name="Z3" version="4.15.2" timelimit="1" steplimit="0" memlimit="1000"/>
<file format="whyml">
<path name=".."/><path name="lab5_solutions.mlw"/>
<theory name="Simple" proved="true">
 <goal name="abs&#39;vc" expl="VC for abs" proved="true">
 <proof prover="1"><result status="valid" time="0.003902" steps="805"/></proof>
 </goal>
 <goal name="max2&#39;vc" expl="VC for max2" proved="true">
 <proof prover="1"><result status="valid" time="0.002928" steps="795"/></proof>
 </goal>
 <goal name="max3&#39;vc" expl="VC for max3" proved="true">
 <proof prover="1"><result status="valid" time="0.003513" steps="1658"/></proof>
 </goal>
 <goal name="compare_to&#39;vc" expl="VC for compare_to" proved="true">
 <proof prover="1"><result status="valid" time="0.003399" steps="719"/></proof>
 </goal>
</theory>
<theory name="Interval" proved="true">
 <goal name="interval_contains&#39;vc" expl="VC for interval_contains" proved="true">
 <proof prover="1"><result status="valid" time="0.001819" steps="589"/></proof>
 </goal>
</theory>
<theory name="Mystery" proved="true">
 <goal name="mistery1&#39;vc" expl="VC for mistery1" proved="true">
 <proof prover="1"><result status="valid" time="0.001085" steps="759"/></proof>
 </goal>
 <goal name="mistery2&#39;vc" expl="VC for mistery2" proved="true">
 <proof prover="1"><result status="valid" time="0.003221" steps="1310"/></proof>
 </goal>
</theory>
<theory name="Min2">
 <goal name="min2&#39;vc" expl="VC for min2" proved="true">
 <proof prover="1"><result status="valid" time="0.003306" steps="613"/></proof>
 </goal>
 <goal name="main&#39;vc" expl="VC for main">
 <proof prover="0" obsolete="true"><result status="unknown" time="0.012179" steps="7"/></proof>
 <proof prover="1" obsolete="true"><result status="unknown" time="0.002105" steps="412"/></proof>
 <transf name="split_vc" >
  <goal name="main&#39;vc.0" expl="assertion">
  <proof prover="0"><result status="unknown" time="0.007553" steps="6"/></proof>
  <proof prover="1"><result status="unknown" time="0.003771" steps="237"/></proof>
  </goal>
 </transf>
 </goal>
</theory>
<theory name="M" proved="true">
 <goal name="m1&#39;vc" expl="VC for m1" proved="true">
 <proof prover="1"><result status="valid" time="0.004450" steps="612"/></proof>
 </goal>
 <goal name="m2&#39;vc" expl="VC for m2" proved="true">
 <proof prover="1"><result status="valid" time="0.003056" steps="528"/></proof>
 </goal>
 <goal name="m3&#39;vc" expl="VC for m3" proved="true">
 <proof prover="1"><result status="valid" time="0.002950" steps="6"/></proof>
 </goal>
 <goal name="m4&#39;vc" expl="VC for m4" proved="true">
 <proof prover="1"><result status="valid" time="0.000911" steps="6"/></proof>
 </goal>
</theory>
<theory name="Square" proved="true">
 <goal name="q&#39;vc" expl="VC for q" proved="true">
 <transf name="split_vc" proved="true" >
  <goal name="q&#39;vc.0" expl="loop invariant init" proved="true">
  <proof prover="1"><result status="valid" time="0.001130" steps="15"/></proof>
  </goal>
  <goal name="q&#39;vc.1" expl="loop invariant init" proved="true">
  <proof prover="1"><result status="valid" time="0.001002" steps="24"/></proof>
  </goal>
  <goal name="q&#39;vc.2" expl="loop invariant init" proved="true">
  <proof prover="1"><result status="valid" time="0.002191" steps="37"/></proof>
  </goal>
  <goal name="q&#39;vc.3" expl="loop variant decrease" proved="true">
  <proof prover="1"><result status="valid" time="0.005721" steps="4769"/></proof>
  </goal>
  <goal name="q&#39;vc.4" expl="loop invariant preservation" proved="true">
  <proof prover="1"><result status="valid" time="0.004814" steps="2378"/></proof>
  </goal>
  <goal name="q&#39;vc.5" expl="loop invariant preservation" proved="true">
  <proof prover="1"><result status="valid" time="0.004115" steps="4696"/></proof>
  </goal>
  <goal name="q&#39;vc.6" expl="loop invariant preservation" proved="true">
  <proof prover="1"><result status="valid" time="0.007373" steps="5798"/></proof>
  </goal>
  <goal name="q&#39;vc.7" expl="postcondition" proved="true">
  <transf name="split_vc" proved="true" >
   <goal name="q&#39;vc.7.0" expl="postcondition" proved="true">
   <proof prover="1"><result status="valid" time="0.002067" steps="61"/></proof>
   </goal>
   <goal name="q&#39;vc.7.1" expl="postcondition" proved="true">
   <proof prover="1"><result status="valid" time="0.008977" steps="2861"/></proof>
   </goal>
  </transf>
  </goal>
 </transf>
 </goal>
</theory>
<theory name="Division" proved="true">
 <goal name="division&#39;vc" expl="VC for division" proved="true">
 <transf name="split_vc" proved="true" >
  <goal name="division&#39;vc.0" expl="loop invariant init" proved="true">
  <proof prover="1"><result status="valid" time="0.002315" steps="28"/></proof>
  </goal>
  <goal name="division&#39;vc.1" expl="loop invariant init" proved="true">
  <proof prover="1"><result status="valid" time="0.003271" steps="41"/></proof>
  </goal>
  <goal name="division&#39;vc.2" expl="loop variant decrease" proved="true">
  <proof prover="1"><result status="valid" time="0.007722" steps="2647"/></proof>
  </goal>
  <goal name="division&#39;vc.3" expl="loop invariant preservation" proved="true">
  <proof prover="1"><result status="valid" time="0.004052" steps="2638"/></proof>
  </goal>
  <goal name="division&#39;vc.4" expl="loop invariant preservation" proved="true">
  <proof prover="1"><result status="valid" time="0.019634" steps="37738"/></proof>
  </goal>
  <goal name="division&#39;vc.5" expl="postcondition" proved="true">
  <proof prover="1"><result status="valid" time="0.002940" steps="63"/></proof>
  </goal>
 </transf>
 </goal>
</theory>
<theory name="Routine" proved="true">
 <goal name="fact&#39;vc" expl="VC for fact" proved="true">
 <proof prover="1"><result status="valid" time="0.001093" steps="432"/></proof>
 </goal>
 <goal name="routine&#39;vc" expl="VC for routine" proved="true">
 <proof prover="1"><result status="valid" time="0.019914" steps="120139"/></proof>
 </goal>
 <goal name="routine_for&#39;vc" expl="VC for routine_for" proved="true">
 <proof prover="1"><result status="valid" time="0.003092" steps="3341"/></proof>
 </goal>
</theory>
<theory name="Fib" proved="true">
 <goal name="fib&#39;vc" expl="VC for fib" proved="true">
 <proof prover="1"><result status="valid" time="0.002121" steps="646"/></proof>
 </goal>
 <goal name="fib_imp&#39;vc" expl="VC for fib_imp" proved="true">
 <proof prover="1"><result status="valid" time="0.004710" steps="4031"/></proof>
 </goal>
</theory>
<theory name="AddList" proved="true">
 <goal name="add_imp&#39;vc" expl="VC for add_imp" proved="true">
 <proof prover="1"><result status="valid" time="0.002879" steps="5915"/></proof>
 </goal>
</theory>
</file>
</why3session>
